Workbook

Sheet Judge 1
A1: Judge 1
A2: Team Name | B2: Batting | C2: Bowling | D2: Fielding
A3: CSK | B3: 5 | C3: 5 | D3: 5
A4: RCB | B4: 5 | C4: 5 | D4: 5
A5: KKR | B5: 5 | C5: 5 | D5: 5
A6: DC | B6: 5 | C6: 5 | D6: 5
A7: MI | B7: 5 | C7: 5 | D7: 5
A8: SRH | B8: 5 | C8: 5 | D8: 5
A9: GT | B9: 5 | C9: 5 | D9: 5
A10: LSG | B10: 5 | C10: 5 | D10: 5
A11: PBKS | B11: 5 | C11: 5 | D11: 5
A12: RR | B12: 5 | C12: 5 | D12: 5

Sheet Judge 2
A1: Judge 2
A2: Team Name | B2: Batting | C2: Bowling | D2: Fielding
A3: CSK | B3: 1 | C3: 1 | D3: 1
A4: RCB | B4: 1 | C4: 1 | D4: 1
A5: KKR | B5: 1 | C5: 1 | D5: 1
A6: DC | B6: 1 | C6: 1 | D6: 1
A7: MI | B7: 1 | C7: 1 | D7: 1
A8: SRH | B8: 1 | C8: 1 | D8: 1
A9: GT | B9: 1 | C9: 1 | D9: 1
A10: LSG | B10: 1 | C10: 1 | D10: 1
A11: PBKS | B11: 1 | C11: 1 | D11: 1
A12: RR | B12: 1 | C12: 1 | D12: 1

Sheet Judge 3
A1: Judge 3
A2: Team Name | B2: Batting | C2: Bowling | D2: Fielding
A3: CSK | B3: 5 | C3: 4 | D3: 3
A4: RCB | B4: 5 | C4: 5 | D4: 5
A5: KKR | B5: 4 | C5: 3 | D5: 4
A6: DC | B6: 4 | C6: 2 | D6: 2
A7: MI | B7: 5 | C7: 5 | D7: 5
A8: SRH | B8: 4 | C8: 2 | D8: 3
A9: GT | B9: 4 | C9: 3 | D9: 4
A10: LSG | B10: 3 | C10: 4 | D10: 2
A11: PBKS | B11: 5 | C11: 4 | D11: 5
A12: RR | B12: 3 | C12: 4 | D12: 1

Sheet Main Sheet
B1: Judge 1 | E1: Judge 2 | H1: Judge 3
A2: Team Name | B2: Batting | C2: Bowling | D2: Fielding | E2: Batting | F2: Bowling | G2: Fielding | H2: Batting | I2: Bowling | J2: Fielding
A3: CSK | B3: =VLOOKUP(A3,'Judge 1'!A1:D12,2,FALSE) -> 5 | C3: =VLOOKUP(A3,'Judge 1'!A1:D12,3,FALSE) -> 5 | D3: =VLOOKUP(A3,'Judge 1'!A1:D12,4,FALSE) -> 5 | E3: =VLOOKUP(A3,'Judge 2'!A1:D12,2,FALSE) -> 1 | F3: =VLOOKUP(A3,'Judge 2'!A1:D12,3,FALSE) -> 1 | G3: =VLOOKUP(A3,'Judge 2'!A1:D12,4,FALSE) -> 1 | H3: =VLOOKUP(A3,'Judge 3'!A1:D12,2,FALSE) -> 5 | I3: =VLOOKUP(A3,'Judge 3'!A2:D12,3,FALSE) -> 4 | J3: =VLOOKUP(A3,'Judge 3'!A2:D12,4,FALSE) -> 3
A4: RCB | B4: =VLOOKUP(A4,'Judge 1'!A2:D13,2,FALSE) -> 5 | C4: =VLOOKUP(A4,'Judge 1'!A2:D13,3,FALSE) -> 5 | D4: =VLOOKUP(A4,'Judge 1'!A2:D13,4,FALSE) -> 5 | E4: =VLOOKUP(A4,'Judge 2'!A2:D13,2,FALSE) -> 1 | F4: =VLOOKUP(A4,'Judge 2'!A2:D13,3,FALSE) -> 1 | G4: =VLOOKUP(A4,'Judge 2'!A2:D13,4,FALSE) -> 1 | H4: =VLOOKUP(A4,'Judge 3'!A2:D13,2,FALSE) -> 5 | I4: =VLOOKUP(A4,'Judge 3'!A3:D13,3,FALSE) -> 5 | J4: =VLOOKUP(A4,'Judge 3'!A3:D13,4,FALSE) -> 5
A5: KKR | B5: =VLOOKUP(A5,'Judge 1'!A3:D14,2,FALSE) -> 5 | C5: =VLOOKUP(A5,'Judge 1'!A3:D14,3,FALSE) -> 5 | D5: =VLOOKUP(A5,'Judge 1'!A3:D14,4,FALSE) -> 5 | E5: =VLOOKUP(A5,'Judge 2'!A3:D14,2,FALSE) -> 1 | F5: =VLOOKUP(A5,'Judge 2'!A3:D14,3,FALSE) -> 1 | G5: =VLOOKUP(A5,'Judge 2'!A3:D14,4,FALSE) -> 1 | H5: =VLOOKUP(A5,'Judge 3'!A3:D14,2,FALSE) -> 4 | I5: =VLOOKUP(A5,'Judge 3'!A4:D14,3,FALSE) -> 3 | J5: =VLOOKUP(A5,'Judge 3'!A4:D14,4,FALSE) -> 4
A6: DC | B6: =VLOOKUP(A6,'Judge 1'!A4:D15,2,FALSE) -> 5 | C6: =VLOOKUP(A6,'Judge 1'!A4:D15,3,FALSE) -> 5 | D6: =VLOOKUP(A6,'Judge 1'!A4:D15,4,FALSE) -> 5 | E6: =VLOOKUP(A6,'Judge 2'!A4:D15,2,FALSE) -> 1 | F6: =VLOOKUP(A6,'Judge 2'!A4:D15,3,FALSE) -> 1 | G6: =VLOOKUP(A6,'Judge 2'!A4:D15,4,FALSE) -> 1 | H6: =VLOOKUP(A6,'Judge 3'!A4:D15,2,FALSE) -> 4 | I6: =VLOOKUP(A6,'Judge 3'!A5:D15,3,FALSE) -> 2 | J6: =VLOOKUP(A6,'Judge 3'!A5:D15,4,FALSE) -> 2
A7: MI | B7: =VLOOKUP(A7,'Judge 1'!A5:D16,2,FALSE) -> 5 | C7: =VLOOKUP(A7,'Judge 1'!A5:D16,3,FALSE) -> 5 | D7: =VLOOKUP(A7,'Judge 1'!A5:D16,4,FALSE) -> 5 | E7: =VLOOKUP(A7,'Judge 2'!A5:D16,2,FALSE) -> 1 | F7: =VLOOKUP(A7,'Judge 2'!A5:D16,3,FALSE) -> 1 | G7: =VLOOKUP(A7,'Judge 2'!A5:D16,4,FALSE) -> 1 | H7: =VLOOKUP(A7,'Judge 3'!A5:D16,2,FALSE) -> 5 | I7: =VLOOKUP(A7,'Judge 3'!A6:D16,3,FALSE) -> 5 | J7: =VLOOKUP(A7,'Judge 3'!A6:D16,4,FALSE) -> 5
A8: SRH | B8: =VLOOKUP(A8,'Judge 1'!A6:D17,2,FALSE) -> 5 | C8: =VLOOKUP(A8,'Judge 1'!A6:D17,3,FALSE) -> 5 | D8: =VLOOKUP(A8,'Judge 1'!A6:D17,4,FALSE) -> 5 | E8: =VLOOKUP(A8,'Judge 2'!A6:D17,2,FALSE) -> 1 | F8: =VLOOKUP(A8,'Judge 2'!A6:D17,3,FALSE) -> 1 | G8: =VLOOKUP(A8,'Judge 2'!A6:D17,4,FALSE) -> 1 | H8: =VLOOKUP(A8,'Judge 3'!A6:D17,2,FALSE) -> 4 | I8: =VLOOKUP(A8,'Judge 3'!A7:D17,3,FALSE) -> 2 | J8: =VLOOKUP(A8,'Judge 3'!A7:D17,4,FALSE) -> 3
A9: GT | B9: =VLOOKUP(A9,'Judge 1'!A7:D18,2,FALSE) -> 5 | C9: =VLOOKUP(A9,'Judge 1'!A7:D18,3,FALSE) -> 5 | D9: =VLOOKUP(A9,'Judge 1'!A7:D18,4,FALSE) -> 5 | E9: =VLOOKUP(A9,'Judge 2'!A7:D18,2,FALSE) -> 1 | F9: =VLOOKUP(A9,'Judge 2'!A7:D18,3,FALSE) -> 1 | G9: =VLOOKUP(A9,'Judge 2'!A7:D18,4,FALSE) -> 1 | H9: =VLOOKUP(A9,'Judge 3'!A7:D18,2,FALSE) -> 4 | I9: =VLOOKUP(A9,'Judge 3'!A8:D18,3,FALSE) -> 3 | J9: =VLOOKUP(A9,'Judge 3'!A8:D18,4,FALSE) -> 4
A10: LSG | B10: =VLOOKUP(A10,'Judge 1'!A8:D19,2,FALSE) -> 5 | C10: =VLOOKUP(A10,'Judge 1'!A8:D19,3,FALSE) -> 5 | D10: =VLOOKUP(A10,'Judge 1'!A8:D19,4,FALSE) -> 5 | E10: =VLOOKUP(A10,'Judge 2'!A8:D19,2,FALSE) -> 1 | F10: =VLOOKUP(A10,'Judge 2'!A8:D19,3,FALSE) -> 1 | G10: =VLOOKUP(A10,'Judge 2'!A8:D19,4,FALSE) -> 1 | H10: =VLOOKUP(A10,'Judge 3'!A8:D19,2,FALSE) -> 3 | I10: =VLOOKUP(A10,'Judge 3'!A9:D19,3,FALSE) -> 4 | J10: =VLOOKUP(A10,'Judge 3'!A9:D19,4,FALSE) -> 2
A11: PBKS | B11: =VLOOKUP(A11,'Judge 1'!A9:D20,2,FALSE) -> 5 | C11: =VLOOKUP(A11,'Judge 1'!A9:D20,3,FALSE) -> 5 | D11: =VLOOKUP(A11,'Judge 1'!A9:D20,4,FALSE) -> 5 | E11: =VLOOKUP(A11,'Judge 2'!A9:D20,2,FALSE) -> 1 | F11: =VLOOKUP(A11,'Judge 2'!A9:D20,3,FALSE) -> 1 | G11: =VLOOKUP(A11,'Judge 2'!A9:D20,4,FALSE) -> 1 | H11: =VLOOKUP(A11,'Judge 3'!A9:D20,2,FALSE) -> 5 | I11: =VLOOKUP(A11,'Judge 3'!A10:D20,3,FALSE) -> 4 | J11: =VLOOKUP(A11,'Judge 3'!A10:D20,4,FALSE) -> 5
A12: RR | B12: =VLOOKUP(A12,'Judge 1'!A10:D21,2,FALSE) -> 5 | C12: =VLOOKUP(A12,'Judge 1'!A10:D21,3,FALSE) -> 5 | D12: =VLOOKUP(A12,'Judge 1'!A10:D21,4,FALSE) -> 5 | E12: =VLOOKUP(A12,'Judge 2'!A10:D21,2,FALSE) -> 1 | F12: =VLOOKUP(A12,'Judge 2'!A10:D21,3,FALSE) -> 1 | G12: =VLOOKUP(A12,'Judge 2'!A10:D21,4,FALSE) -> 1 | H12: =VLOOKUP(A12,'Judge 3'!A10:D21,2,FALSE) -> 3 | I12: =VLOOKUP(A12,'Judge 3'!A11:D21,3,FALSE) -> 4 | J12: =VLOOKUP(A12,'Judge 3'!A11:D21,4,FALSE) -> 1
